date,release_url
2021-01-31,https://winnipeg.ca/police/press/2021/01jan/2021_01_31.stm
2021-01-29,https://winnipeg.ca/police/press/2021/01jan/2021_01_29.stm
2021-01-28,https://winnipeg.ca/police/press/2021/01jan/2021_01_28.stm
2021-01-27,https://winnipeg.ca/police/press/2021/01jan/2021_01_27.stm
2021-01-26,https://winnipeg.ca/police/press/2021/01jan/2021_01_26.stm
2021-01-25,https://winnipeg.ca/police/press/2021/01jan/2021_01_25.stm
2021-01-22,https://winnipeg.ca/police/press/2021/01jan/2021_01_22.stm
2021-01-20,https://winnipeg.ca/police/press/2021/01jan/2021_01_20.stm
2021-01-19,https://winnipeg.ca/police/press/2021/01jan/2021_01_19.stm
2021-01-18,https://winnipeg.ca/police/press/2021/01jan/2021_01_18.stm
2021-01-14,https://winnipeg.ca/police/press/2021/01jan/2021_01_14.stm
2021-01-13,https://winnipeg.ca/police/press/2021/01jan/2021_01_13.stm
2021-01-11,https://winnipeg.ca/police/press/2021/01jan/2021_01_11.stm
2021-01-08,https://winnipeg.ca/police/press/2021/01jan/2021_01_08.stm
2021-01-07,https://winnipeg.ca/police/press/2021/01jan/2021_01_07.stm
2021-01-06,https://winnipeg.ca/police/press/2021/01jan/2021_01_06.stm
2021-01-02,https://winnipeg.ca/police/press/2021/01jan/2021_01_02.stm
2021-02-28,https://winnipeg.ca/police/press/2021/02feb/2021_02_28.stm
2021-02-26,https://winnipeg.ca/police/press/2021/02feb/2021_02_26.stm
2021-02-25,https://winnipeg.ca/police/press/2021/02feb/2021_02_25.stm
2021-02-24,https://winnipeg.ca/police/press/2021/02feb/2021_02_24.stm
2021-02-23,https://winnipeg.ca/police/press/2021/02feb/2021_02_23.stm
2021-02-22,https://winnipeg.ca/police/press/2021/02feb/2021_02_22.stm
2021-02-19,https://winnipeg.ca/police/press/2021/02feb/2021_02_19.stm
2021-02-18,https://winnipeg.ca/police/press/2021/02feb/2021_02_18.stm
2021-02-17,https://winnipeg.ca/police/press/2021/02feb/2021_02_17.stm
2021-02-16,https://winnipeg.ca/police/press/2021/02feb/2021_02_16.stm
2021-02-12,https://winnipeg.ca/police/press/2021/02feb/2021_02_12.stm
2021-02-11,https://winnipeg.ca/police/press/2021/02feb/2021_02_11.stm
2021-02-10,https://winnipeg.ca/police/press/2021/02feb/2021_02_10.stm
2021-02-09,https://winnipeg.ca/police/press/2021/02feb/2021_02_09.stm
2021-02-08,https://winnipeg.ca/police/press/2021/02feb/2021_02_08.stm
2021-02-05,https://winnipeg.ca/police/press/2021/02feb/2021_02_05.stm
2021-02-04,https://winnipeg.ca/police/press/2021/02feb/2021_02_04.stm
2021-02-02,https://winnipeg.ca/police/press/2021/02feb/2021_02_02.stm
2021-03-31,https://winnipeg.ca/police/press/2021/03mar/2021_03_31.stm
2021-03-30,https://winnipeg.ca/police/press/2021/03mar/2021_03_30.stm
2021-03-29,https://winnipeg.ca/police/press/2021/03mar/2021_03_29.stm
2021-03-28,https://winnipeg.ca/police/press/2021/03mar/2021_03_28.stm
2021-03-25,https://winnipeg.ca/police/press/2021/03mar/2021_03_25.stm
2021-03-24,https://winnipeg.ca/police/press/2021/03mar/2021_03_24.stm
2021-03-22,https://winnipeg.ca/police/press/2021/03mar/2021_03_22.stm
2021-03-19,https://winnipeg.ca/police/press/2021/03mar/2021_03_19.stm
2021-03-18,https://winnipeg.ca/police/press/2021/03mar/2021_03_18.stm
2021-03-16,https://winnipeg.ca/police/press/2021/03mar/2021_03_16.stm
2021-03-15,https://winnipeg.ca/police/press/2021/03mar/2021_03_15.stm
2021-03-12,https://winnipeg.ca/police/press/2021/03mar/2021_03_12.stm
2021-03-11,https://winnipeg.ca/police/press/2021/03mar/2021_03_11.stm
2021-03-10,https://winnipeg.ca/police/press/2021/03mar/2021_03_10.stm
2021-03-08,https://winnipeg.ca/police/press/2021/03mar/2021_03_08.stm
2021-03-05,https://winnipeg.ca/police/press/2021/03mar/2021_03_05.stm
2021-03-04,https://winnipeg.ca/police/press/2021/03mar/2021_03_04.stm
2021-03-01,https://winnipeg.ca/police/press/2021/03mar/2021_03_01.stm
2021-04-30,https://winnipeg.ca/police/press/2021/04apr/2021_04_30.stm
2021-04-29,https://winnipeg.ca/police/press/2021/04apr/2021_04_29.stm
2021-04-28,https://winnipeg.ca/police/press/2021/04apr/2021_04_28.stm
2021-04-25,https://winnipeg.ca/police/press/2021/04apr/2021_04_25.stm
2021-04-24,https://winnipeg.ca/police/press/2021/04apr/2021_04_24.stm
2021-04-23,https://winnipeg.ca/police/press/2021/04apr/2021_04_23.stm
2021-04-22,https://winnipeg.ca/police/press/2021/04apr/2021_04_22.stm
2021-04-20,https://winnipeg.ca/police/press/2021/04apr/2021_04_20.stm
2021-04-19,https://winnipeg.ca/police/press/2021/04apr/2021_04_19.stm
2021-04-18,https://winnipeg.ca/police/press/2021/04apr/2021_04_18.stm
2021-04-16,https://winnipeg.ca/police/press/2021/04apr/2021_04_16.stm
2021-04-15,https://winnipeg.ca/police/press/2021/04apr/2021_04_15.stm
2021-04-12,https://winnipeg.ca/police/press/2021/04apr/2021_04_12.stm
2021-04-09,https://winnipeg.ca/police/press/2021/04apr/2021_04_09.stm
2021-04-08,https://winnipeg.ca/police/press/2021/04apr/2021_04_08.stm
2021-04-07,https://winnipeg.ca/police/press/2021/04apr/2021_04_07.stm
2021-04-06,https://winnipeg.ca/police/press/2021/04apr/2021_04_06.stm
2021-04-05,https://winnipeg.ca/police/press/2021/04apr/2021_04_05.stm
2021-04-04,https://winnipeg.ca/police/press/2021/04apr/2021_04_04.stm
2021-04-03,https://winnipeg.ca/police/press/2021/04apr/2021_04_03.stm
2021-04-01,https://winnipeg.ca/police/press/2021/04apr/2021_04_01.stm
2021-05-31,https://winnipeg.ca/police/press/2021/05may/2021_05_31.stm
2021-05-28,https://winnipeg.ca/police/press/2021/05may/2021_05_28.stm
2021-05-27,https://winnipeg.ca/police/press/2021/05may/2021_05_27.stm
2021-05-26,https://winnipeg.ca/police/press/2021/05may/2021_05_26.stm
2021-05-25,https://winnipeg.ca/police/press/2021/05may/2021_05_25.stm
2021-05-22,https://winnipeg.ca/police/press/2021/05may/2021_05_22.stm
2021-05-21,https://winnipeg.ca/police/press/2021/05may/2021_05_21.stm
2021-05-20,https://winnipeg.ca/police/press/2021/05may/2021_05_20.stm
2021-05-19,https://winnipeg.ca/police/press/2021/05may/2021_05_19.stm
2021-05-17,https://winnipeg.ca/police/press/2021/05may/2021_05_17.stm
2021-05-14,https://winnipeg.ca/police/press/2021/05may/2021_05_14.stm
2021-05-13,https://winnipeg.ca/police/press/2021/05may/2021_05_13.stm
2021-05-12,https://winnipeg.ca/police/press/2021/05may/2021_05_12.stm
2021-05-11,https://winnipeg.ca/police/press/2021/05may/2021_05_11.stm
2021-05-10,https://winnipeg.ca/police/press/2021/05may/2021_05_10.stm
2021-05-08,https://winnipeg.ca/police/press/2021/05may/2021_05_08.stm
2021-05-07,https://winnipeg.ca/police/press/2021/05may/2021_05_07.stm
2021-05-06,https://winnipeg.ca/police/press/2021/05may/2021_05_06.stm
2021-05-05,https://winnipeg.ca/police/press/2021/05may/2021_05_05.stm
2021-05-04,https://winnipeg.ca/police/press/2021/05may/2021_05_04.stm
2021-05-03,https://winnipeg.ca/police/press/2021/05may/2021_05_03.stm
2021-06-30,https://winnipeg.ca/police/press/2021/06june/2021_06_30.stm
2021-06-29,https://winnipeg.ca/police/press/2021/06june/2021_06_29.stm
2021-06-25,https://winnipeg.ca/police/press/2021/06june/2021_06_25.stm
2021-06-24,https://winnipeg.ca/police/press/2021/06june/2021_06_24.stm
2021-06-23,https://winnipeg.ca/police/press/2021/06june/2021_06_23.stm
2021-06-22,https://winnipeg.ca/police/press/2021/06june/2021_06_22.stm
2021-06-21,https://winnipeg.ca/police/press/2021/06june/2021_06_21.stm
2021-06-19,https://winnipeg.ca/police/press/2021/06june/2021_06_19.stm
2021-06-18,https://winnipeg.ca/police/press/2021/06june/2021_06_18.stm
2021-06-17,https://winnipeg.ca/police/press/2021/06june/2021_06_17.stm
2021-06-16,https://winnipeg.ca/police/press/2021/06june/2021_06_16.stm
2021-06-15,https://winnipeg.ca/police/press/2021/06june/2021_06_15.stm
2021-06-14,https://winnipeg.ca/police/press/2021/06june/2021_06_14.stm
2021-06-12,https://winnipeg.ca/police/press/2021/06june/2021_06_12.stm
2021-06-11,https://winnipeg.ca/police/press/2021/06june/2021_06_11.stm
2021-06-10,https://winnipeg.ca/police/press/2021/06june/2021_06_10.stm
2021-06-09,https://winnipeg.ca/police/press/2021/06june/2021_06_09.stm
2021-06-08,https://winnipeg.ca/police/press/2021/06june/2021_06_08.stm
2021-06-07,https://winnipeg.ca/police/press/2021/06june/2021_06_07.stm
2021-06-05,https://winnipeg.ca/police/press/2021/06june/2021_06_05.stm
2021-06-04,https://winnipeg.ca/police/press/2021/06june/2021_06_04.stm
2021-06-03,https://winnipeg.ca/police/press/2021/06june/2021_06_03.stm
2021-06-02,https://winnipeg.ca/police/press/2021/06june/2021_06_02.stm
2021-06-01,https://winnipeg.ca/police/press/2021/06june/2021_06_01.stm
2021-07-31,https://winnipeg.ca/police/press/2021/07july/2021_07_31.stm
2021-07-30,https://winnipeg.ca/police/press/2021/07july/2021_07_30.stm
2021-07-29,https://winnipeg.ca/police/press/2021/07july/2021_07_29.stm
2021-07-28,https://winnipeg.ca/police/press/2021/07july/2021_07_28.stm
2021-07-27,https://winnipeg.ca/police/press/2021/07july/2021_07_27.stm
2021-07-26,https://winnipeg.ca/police/press/2021/07july/2021_07_26.stm
2021-07-25,https://winnipeg.ca/police/press/2021/07july/2021_07_25.stm
2021-07-23,https://winnipeg.ca/police/press/2021/07july/2021_07_23.stm
2021-07-22,https://winnipeg.ca/police/press/2021/07july/2021_07_22.stm
2021-07-21,https://winnipeg.ca/police/press/2021/07july/2021_07_21.stm
2021-07-20,https://winnipeg.ca/police/press/2021/07july/2021_07_20.stm
2021-07-19,https://winnipeg.ca/police/press/2021/07july/2021_07_19.stm
2021-07-17,https://winnipeg.ca/police/press/2021/07july/2021_07_17.stm
2021-07-16,https://winnipeg.ca/police/press/2021/07july/2021_07_16.stm
2021-07-15,https://winnipeg.ca/police/press/2021/07july/2021_07_15.stm
2021-07-14,https://winnipeg.ca/police/press/2021/07july/2021_07_14.stm
2021-07-13,https://winnipeg.ca/police/press/2021/07july/2021_07_13.stm
2021-07-09,https://winnipeg.ca/police/press/2021/07july/2021_07_09.stm
2021-07-08,https://winnipeg.ca/police/press/2021/07july/2021_07_08.stm
2021-07-07,https://winnipeg.ca/police/press/2021/07july/2021_07_07.stm
2021-07-06,https://winnipeg.ca/police/press/2021/07july/2021_07_06.stm
2021-07-05,https://winnipeg.ca/police/press/2021/07july/2021_07_05.stm
2021-07-04,https://winnipeg.ca/police/press/2021/07july/2021_07_04.stm
2021-08-31,https://winnipeg.ca/police/press/2021/08aug/2021_08_31.stm
2021-08-30,https://winnipeg.ca/police/press/2021/08aug/2021_08_30.stm
2021-08-27,https://winnipeg.ca/police/press/2021/08aug/2021_08_27.stm
2021-08-25,https://winnipeg.ca/police/press/2021/08aug/2021_08_25.stm
2021-08-24,https://winnipeg.ca/police/press/2021/08aug/2021_08_24.stm
2021-08-23,https://winnipeg.ca/police/press/2021/08aug/2021_08_23.stm
2021-08-20,https://winnipeg.ca/police/press/2021/08aug/2021_08_20.stm
2021-08-19,https://winnipeg.ca/police/press/2021/08aug/2021_08_19.stm
2021-08-18,https://winnipeg.ca/police/press/2021/08aug/2021_08_18.stm
2021-08-17,https://winnipeg.ca/police/press/2021/08aug/2021_08_17.stm
2021-08-16,https://winnipeg.ca/police/press/2021/08aug/2021_08_16.stm
2021-08-13,https://winnipeg.ca/police/press/2021/08aug/2021_08_13.stm
2021-08-12,https://winnipeg.ca/police/press/2021/08aug/2021_08_12.stm
2021-08-11,https://winnipeg.ca/police/press/2021/08aug/2021_08_11.stm
2021-08-10,https://winnipeg.ca/police/press/2021/08aug/2021_08_10.stm
2021-08-09,https://winnipeg.ca/police/press/2021/08aug/2021_08_09.stm
2021-08-08,https://winnipeg.ca/police/press/2021/08aug/2021_08_08.stm
2021-08-07,https://winnipeg.ca/police/press/2021/08aug/2021_08_07.stm
2021-08-06,https://winnipeg.ca/police/press/2021/08aug/2021_08_06.stm
2021-08-05,https://winnipeg.ca/police/press/2021/08aug/2021_08_05.stm
2021-08-04,https://winnipeg.ca/police/press/2021/08aug/2021_08_04.stm
2021-08-03,https://winnipeg.ca/police/press/2021/08aug/2021_08_03.stm
2021-09-15,https://winnipeg.ca/police/press/2021/09sept/2021_09_15.stm
2021-09-14,https://winnipeg.ca/police/press/2021/09sept/2021_09_14.stm
2021-09-13,https://winnipeg.ca/police/press/2021/09sept/2021_09_13.stm
2021-09-10,https://winnipeg.ca/police/press/2021/09sept/2021_09_10.stm
2021-09-09,https://winnipeg.ca/police/press/2021/09sept/2021_09_09.stm
2021-09-08,https://winnipeg.ca/police/press/2021/09sept/2021_09_08.stm
2021-09-07,https://winnipeg.ca/police/press/2021/09sept/2021_09_07.stm
2021-09-02,https://winnipeg.ca/police/press/2021/09sept/2021_09_02.stm
2021-09-01,https://winnipeg.ca/police/press/2021/09sept/2021_09_01.stm
2020-01-31,https://winnipeg.ca/police/press/2020/01Jan/2020_01_31.aspx
2020-01-30,https://winnipeg.ca/police/press/2020/01Jan/2020_01_30.aspx
2020-01-29,https://winnipeg.ca/police/press/2020/01Jan/2020_01_29.aspx
2020-01-28,https://winnipeg.ca/police/press/2020/01Jan/2020_01_28.aspx
2020-01-27,https://winnipeg.ca/police/press/2020/01Jan/2020_01_27.aspx
2020-01-24,https://winnipeg.ca/police/press/2020/01Jan/2020_01_24.aspx
2020-01-22,https://winnipeg.ca/police/press/2020/01Jan/2020_01_22.aspx
2020-01-21,https://winnipeg.ca/police/press/2020/01Jan/2020_01_21.aspx
2020-01-17,https://winnipeg.ca/police/press/2020/01Jan/2020_01_17.aspx
2020-01-16,https://winnipeg.ca/police/press/2020/01Jan/2020_01_16.aspx
2020-01-15,https://winnipeg.ca/police/press/2020/01Jan/2020_01_15.aspx
2020-01-13,https://winnipeg.ca/police/press/2020/01Jan/2020_01_13.aspx
2020-01-12,https://winnipeg.ca/police/press/2020/01Jan/2020_01_12.aspx
2020-01-11,https://winnipeg.ca/police/press/2020/01Jan/2020_01_11.aspx
2020-01-10,https://winnipeg.ca/police/press/2020/01Jan/2020_01_10.aspx
2020-01-08,https://winnipeg.ca/police/press/2020/01Jan/2020_01_08.aspx
2020-01-07,https://winnipeg.ca/police/press/2020/01Jan/2020_01_07.aspx
2020-01-03,https://winnipeg.ca/police/press/2020/01Jan/2020_01_03.aspx
2020-01-02,https://winnipeg.ca/police/press/2020/01Jan/2020_01_02.aspx
2020-01-01,https://winnipeg.ca/police/press/2020/01Jan/2020_01_01.aspx
,https://winnipeg.ca/police/press/current.stm
2020-02-28,https://winnipeg.ca/police/press/2020/02Feb/2020_02_28.aspx
2020-02-25,https://winnipeg.ca/police/press/2020/02Feb/2020_02_25.aspx
2020-02-24,https://winnipeg.ca/police/press/2020/02Feb/2020_02_24.aspx
2020-02-21,https://winnipeg.ca/police/press/2020/02Feb/2020_02_21.aspx
2020-02-20,https://winnipeg.ca/police/press/2020/02Feb/2020_02_20.aspx
2020-02-18,https://winnipeg.ca/police/press/2020/02Feb/2020_02_18.aspx
2020-02-14,https://winnipeg.ca/police/press/2020/02Feb/2020_02_14.aspx
2020-02-13,https://winnipeg.ca/police/press/2020/02Feb/2020_02_13.aspx
2020-02-12,https://winnipeg.ca/police/press/2020/02Feb/2020_02_12.aspx
2020-02-11,https://winnipeg.ca/police/press/2020/02Feb/2020_02_11.aspx
2020-02-10,https://winnipeg.ca/police/press/2020/02Feb/2020_02_10.aspx
2020-02-06,https://winnipeg.ca/police/press/2020/02Feb/2020_02_06.aspx
2020-02-05,https://winnipeg.ca/police/press/2020/02Feb/2020_02_05.aspx
2020-02-04,https://winnipeg.ca/police/press/2020/02Feb/2020_02_04.aspx
2020-02-03,https://winnipeg.ca/police/press/2020/02Feb/2020_02_03.aspx
,https://winnipeg.ca/police/press/current.stm
2020-03-31,https://winnipeg.ca/police/press/2020/03mar/2020_03_31.aspx
2020-03-30,https://winnipeg.ca/police/press/2020/03mar/2020_03_30.aspx
2020-03-28,https://winnipeg.ca/police/press/2020/03mar/2020_03_28.aspx
2020-03-27,https://winnipeg.ca/police/press/2020/03mar/2020_03_27.aspx
2020-03-26,https://winnipeg.ca/police/press/2020/03mar/2020_03_26.aspx
2020-03-23,https://winnipeg.ca/police/press/2020/03mar/2020_03_23.aspx
2020-03-20,https://winnipeg.ca/police/press/2020/03mar/2020_03_20.aspx
2020-03-19,https://winnipeg.ca/police/press/2020/03mar/2020_03_19.aspx
2020-03-18,https://winnipeg.ca/police/press/2020/03mar/2020_03_18.aspx
2020-03-17,https://winnipeg.ca/police/press/2020/03mar/2020_03_17.aspx
2020-03-16,https://winnipeg.ca/police/press/2020/03mar/2020_03_16.aspx
2020-03-13,https://winnipeg.ca/police/press/2020/03mar/2020_03_13.aspx
2020-03-12,https://winnipeg.ca/police/press/2020/03mar/2020_03_12.aspx
2020-03-10,https://winnipeg.ca/police/press/2020/03mar/2020_03_10.aspx
2020-03-09,https://winnipeg.ca/police/press/2020/03mar/2020_03_09.aspx
2020-03-08,https://winnipeg.ca/police/press/2020/03mar/2020_03_08.aspx
2020-03-06,https://winnipeg.ca/police/press/2020/03mar/2020_03_06.aspx
2020-03-03,https://winnipeg.ca/police/press/2020/03mar/2020_03_03.aspx
2020-03-02,https://winnipeg.ca/police/press/2020/03mar/2020_03_02.aspx
,https://winnipeg.ca/police/press/current.stm
2020-04-30,https://winnipeg.ca/police/press/2020/04apr/2020_04_30.stm
2020-04-29,https://winnipeg.ca/police/press/2020/04apr/2020_04_29.aspx
2020-04-28,https://winnipeg.ca/police/press/2020/04apr/2020_04_28.aspx
2020-04-25,https://winnipeg.ca/police/press/2020/04apr/2020_04_25.aspx
2020-04-24,https://winnipeg.ca/police/press/2020/04apr/2020_04_24.aspx
2020-04-23,https://winnipeg.ca/police/press/2020/04apr/2020_04_23.aspx
2020-04-22,https://winnipeg.ca/police/press/2020/04apr/2020_04_22.aspx
2020-04-21,https://winnipeg.ca/police/press/2020/04apr/2020_04_21.aspx
2020-04-20,https://winnipeg.ca/police/press/2020/04apr/2020_04_20.aspx
2020-04-19,https://winnipeg.ca/police/press/2020/04apr/2020_04_19.aspx
2020-04-18,https://winnipeg.ca/police/press/2020/04apr/2020_04_18.aspx
2020-04-17,https://winnipeg.ca/police/press/2020/04apr/2020_04_17.aspx
2020-04-16,https://winnipeg.ca/police/press/2020/04apr/2020_04_16.aspx
2020-04-14,https://winnipeg.ca/police/press/2020/04apr/2020_04_14.aspx
2020-04-13,https://winnipeg.ca/police/press/2020/04apr/2020_04_13.aspx
2020-04-10,https://winnipeg.ca/police/press/2020/04apr/2020_04_10.aspx
2020-04-09,https://winnipeg.ca/police/press/2020/04apr/2020_04_09.aspx
2020-04-08,https://winnipeg.ca/police/press/2020/04apr/2020_04_08.aspx
2020-04-06,https://winnipeg.ca/police/press/2020/04apr/2020_04_06.aspx
2020-04-05,https://winnipeg.ca/police/press/2020/04apr/2020_04_05.aspx
2020-04-03,https://winnipeg.ca/police/press/2020/04apr/2020_04_03.aspx
2020-04-02,https://winnipeg.ca/police/press/2020/04apr/2020_04_02.aspx
2020-04-01,https://winnipeg.ca/police/press/2020/04apr/2020_04_01.aspx
2020-05-31,https://winnipeg.ca/police/press/2020/05may/2020_05_31.stm
2020-05-29,https://winnipeg.ca/police/press/2020/05may/2020_05_29.stm
2020-05-28,https://winnipeg.ca/police/press/2020/05may/2020_05_28.stm
2020-05-25,https://winnipeg.ca/police/press/2020/05may/2020_05_25.stm
2020-05-24,https://winnipeg.ca/police/press/2020/05may/2020_05_24.stm
2020-05-22,https://winnipeg.ca/police/press/2020/05may/2020_05_22.stm
2020-05-21,https://winnipeg.ca/police/press/2020/05may/2020_05_21.stm
2020-05-20,https://winnipeg.ca/police/press/2020/05may/2020_05_20.stm
2020-05-19,https://winnipeg.ca/police/press/2020/05may/2020_05_19.stm
2020-05-18,https://winnipeg.ca/police/press/2020/05may/2020_05_18.stm
2020-05-17,https://winnipeg.ca/police/press/2020/05may/2020_05_17.stm
2020-05-16,https://winnipeg.ca/police/press/2020/05may/2020_05_16.stm
2020-05-15,https://winnipeg.ca/police/press/2020/05may/2020_05_15.stm
2020-05-13,https://winnipeg.ca/police/press/2020/05may/2020_05_13.stm
2020-05-11,https://winnipeg.ca/police/press/2020/05may/2020_05_11.stm
2020-05-07,https://winnipeg.ca/police/press/2020/05may/2020_05_07.stm
2020-05-06,https://winnipeg.ca/police/press/2020/05may/2020_05_06.stm
2020-05-05,https://winnipeg.ca/police/press/2020/05may/2020_05_05.stm
2020-05-03,https://winnipeg.ca/police/press/2020/05may/2020_05_03.stm
2020-05-02,https://winnipeg.ca/police/press/2020/05may/2020_05_02.stm
2020-05-01,https://winnipeg.ca/police/press/2020/05may/2020_05_01.stm
2020-06-30,https://winnipeg.ca/police/press/2020/06june/2020_06_30.stm
2020-06-29,https://winnipeg.ca/police/press/2020/06june/2020_06_29.stm
2020-06-26,https://winnipeg.ca/police/press/2020/06june/2020_06_26.stm
2020-06-25,https://winnipeg.ca/police/press/2020/06june/2020_06_25.stm
2020-06-24,https://winnipeg.ca/police/press/2020/06june/2020_06_24.stm
2020-06-23,https://winnipeg.ca/police/press/2020/06june/2020_06_23.stm
2020-06-21,https://winnipeg.ca/police/press/2020/06june/2020_06_21.stm
2020-06-20,https://winnipeg.ca/police/press/2020/06june/2020_06_20.stm
2020-06-19,https://winnipeg.ca/police/press/2020/06june/2020_06_19.stm
2020-06-18,https://winnipeg.ca/police/press/2020/06june/2020_06_18.stm
2020-06-16,https://winnipeg.ca/police/press/2020/06june/2020_06_16.stm
2020-06-15,https://winnipeg.ca/police/press/2020/06june/2020_06_15.stm
2020-06-12,https://winnipeg.ca/police/press/2020/06june/2020_06_12.stm
2020-06-11,https://winnipeg.ca/police/press/2020/06june/2020_06_11.stm
2020-06-10,https://winnipeg.ca/police/press/2020/06june/2020_06_10.stm
2020-06-09,https://winnipeg.ca/police/press/2020/06june/2020_06_09.stm
2020-06-04,https://winnipeg.ca/police/press/2020/06june/2020_06_04.stm
2020-06-03,https://winnipeg.ca/police/press/2020/06june/2020_06_03.stm
2020-06-01,https://winnipeg.ca/police/press/2020/06june/2020_06_01.stm
2020-07-31,https://winnipeg.ca/police/press/2020/07Jul/2020_07_31.stm
2020-07-30,https://winnipeg.ca/police/press/2020/07Jul/2020_07_30.stm
2020-07-29,https://winnipeg.ca/police/press/2020/07Jul/2020_07_29.stm
2020-07-28,https://winnipeg.ca/police/press/2020/07Jul/2020_07_28.stm
2020-07-27,https://winnipeg.ca/police/press/2020/07Jul/2020_07_27.stm
2020-07-26,https://winnipeg.ca/police/press/2020/07Jul/2020_07_26.stm
2020-07-24,https://winnipeg.ca/police/press/2020/07Jul/2020_07_24.stm
2020-07-21,https://winnipeg.ca/police/press/2020/07Jul/2020_07_21.stm
2020-07-20,https://winnipeg.ca/police/press/2020/07Jul/2020_07_20.stm
2020-07-18,https://winnipeg.ca/police/press/2020/07Jul/2020_07_18.stm
2020-07-16,https://winnipeg.ca/police/press/2020/07Jul/2020_07_16.stm
2020-07-15,https://winnipeg.ca/police/press/2020/07Jul/2020_07_15.stm
2020-07-14,https://winnipeg.ca/police/press/2020/07Jul/2020_07_14.stm
2020-07-13,https://winnipeg.ca/police/press/2020/07Jul/2020_07_13.stm
2020-07-10,https://winnipeg.ca/police/press/2020/07Jul/2020_07_10.stm
2020-07-09,https://winnipeg.ca/police/press/2020/07Jul/2020_07_09.stm
2020-07-08,https://winnipeg.ca/police/press/2020/07Jul/2020_07_08.stm
2020-07-07,https://winnipeg.ca/police/press/2020/07Jul/2020_07_07.stm
2020-07-04,https://winnipeg.ca/police/press/2020/07Jul/2020_07_04.stm
2020-07-03,https://winnipeg.ca/police/press/2020/07Jul/2020_07_03.stm
2020-07-02,https://winnipeg.ca/police/press/2020/07Jul/2020_07_02.stm
2020-07-01,https://winnipeg.ca/police/press/2020/07Jul/2020_07_01.stm
2020-08-31,https://winnipeg.ca/police/press/2020/08aug/2020_08_31.stm
2020-08-27,https://winnipeg.ca/police/press/2020/08aug/2020_08_27.stm
2020-08-26,https://winnipeg.ca/police/press/2020/08aug/2020_08_26.stm
2020-08-25,https://winnipeg.ca/police/press/2020/08aug/2020_08_25.stm
2020-08-24,https://winnipeg.ca/police/press/2020/08aug/2020_08_24.stm
2020-08-21,https://winnipeg.ca/police/press/2020/08aug/2020_08_21.stm
2020-08-20,https://winnipeg.ca/police/press/2020/08aug/2020_08_20.stm
2020-08-19,https://winnipeg.ca/police/press/2020/08aug/2020_08_19.stm
2020-08-18,https://winnipeg.ca/police/press/2020/08aug/2020_08_18.stm
2020-08-17,https://winnipeg.ca/police/press/2020/08aug/2020_08_17.stm
2020-08-14,https://winnipeg.ca/police/press/2020/08aug/2020_08_14.stm
2020-08-13,https://winnipeg.ca/police/press/2020/08aug/2020_08_13.stm
2020-08-12,https://winnipeg.ca/police/press/2020/08aug/2020_08_12.stm
2020-08-10,https://winnipeg.ca/police/press/2020/08aug/2020_08_10.stm
2020-08-07,https://winnipeg.ca/police/press/2020/08aug/2020_08_07.stm
2020-08-06,https://winnipeg.ca/police/press/2020/08aug/2020_08_06.stm
2020-08-05,https://winnipeg.ca/police/press/2020/08aug/2020_08_05.stm
2020-08-04,https://winnipeg.ca/police/press/2020/08aug/2020_08_04.stm
2020-09-30,https://winnipeg.ca/police/press/2020/09Sept/2020_09_30.stm
2020-09-28,https://winnipeg.ca/police/press/2020/09Sept/2020_09_28.stm
2020-09-26,https://winnipeg.ca/police/press/2020/09Sept/2020_09_26.stm
2020-09-24,https://winnipeg.ca/police/press/2020/09Sept/2020_09_24.stm
2020-09-23,https://winnipeg.ca/police/press/2020/09Sept/2020_09_23.stm
2020-09-20,https://winnipeg.ca/police/press/2020/09Sept/2020_09_20.stm
2020-09-19,https://winnipeg.ca/police/press/2020/09Sept/2020_09_19.stm
2020-09-11,https://winnipeg.ca/police/press/2020/09Sept/2020_09_11.stm
2020-09-09,https://winnipeg.ca/police/press/2020/09Sept/2020_09_09.stm
2020-09-03,https://winnipeg.ca/police/press/2020/09Sept/2020_09_03.stm
2020-09-02,https://winnipeg.ca/police/press/2020/09Sept/2020_09_02.stm
2020-09-01,https://winnipeg.ca/police/press/2020/09Sept/2020_09_01.stm
2020-10-31,https://winnipeg.ca/police/press/2020/10oct/2020_10_31.stm
2020-10-30,https://winnipeg.ca/police/press/2020/10oct/2020_10_30.stm
2020-10-28,https://winnipeg.ca/police/press/2020/10oct/2020_10_28.stm
2020-10-27,https://winnipeg.ca/police/press/2020/10oct/2020_10_27.stm
2020-10-26,https://winnipeg.ca/police/press/2020/10oct/2020_10_26.stm
2020-10-25,https://winnipeg.ca/police/press/2020/10oct/2020_10_25.stm
2020-10-24,https://winnipeg.ca/police/press/2020/10oct/2020_10_24.stm
2020-10-23,https://winnipeg.ca/police/press/2020/10oct/2020_10_23.stm
2020-10-22,https://winnipeg.ca/police/press/2020/10oct/2020_10_22.stm
2020-10-21,https://winnipeg.ca/police/press/2020/10oct/2020_10_21.stm
2020-10-20,https://winnipeg.ca/police/press/2020/10oct/2020_10_20.stm
2020-10-16,https://winnipeg.ca/police/press/2020/10oct/2020_10_16.stm
2020-10-15,https://winnipeg.ca/police/press/2020/10oct/2020_10_15.stm
2020-10-14,https://winnipeg.ca/police/press/2020/10oct/2020_10_14.stm
2020-10-13,https://winnipeg.ca/police/press/2020/10oct/2020_10_13.stm
2020-10-12,https://winnipeg.ca/police/press/2020/10oct/2020_10_12.stm
2020-10-11,https://winnipeg.ca/police/press/2020/10oct/2020_10_11.stm
2020-10-08,https://winnipeg.ca/police/press/2020/10oct/2020_10_08.stm
2020-10-07,https://winnipeg.ca/police/press/2020/10oct/2020_10_07.stm
2020-10-05,https://winnipeg.ca/police/press/2020/10oct/2020_10_05.stm
2020-10-02,https://winnipeg.ca/police/press/2020/10oct/2020_10_02.stm
2020-10-01,https://winnipeg.ca/police/press/2020/10oct/2020_10_01.stm
2020-11-30,https://winnipeg.ca/police/press/2020/11nov/2020_11_30.stm
2020-11-28,https://winnipeg.ca/police/press/2020/11nov/2020_11_28.stm
2020-11-27,https://winnipeg.ca/police/press/2020/11nov/2020_11_27.stm
2020-11-24,https://winnipeg.ca/police/press/2020/11nov/2020_11_24.stm
2020-11-23,https://winnipeg.ca/police/press/2020/11nov/2020_11_23.stm
2020-11-22,https://winnipeg.ca/police/press/2020/11nov/2020_11_22.stm
2020-11-21,https://winnipeg.ca/police/press/2020/11nov/2020_11_21.stm
2020-11-20,https://winnipeg.ca/police/press/2020/11nov/2020_11_20.stm
2020-11-19,https://winnipeg.ca/police/press/2020/11nov/2020_11_19.stm
2020-11-17,https://winnipeg.ca/police/press/2020/11nov/2020_11_17.stm
2020-11-16,https://winnipeg.ca/police/press/2020/11nov/2020_11_16.stm
2020-11-13,https://winnipeg.ca/police/press/2020/11nov/2020_11_13.stm
2020-11-12,https://winnipeg.ca/police/press/2020/11nov/2020_11_12.stm
2020-11-10,https://winnipeg.ca/police/press/2020/11nov/2020_11_10.stm
2020-11-09,https://winnipeg.ca/police/press/2020/11nov/2020_11_09.stm
2020-11-06,https://winnipeg.ca/police/press/2020/11nov/2020_11_06.stm
2020-11-05,https://winnipeg.ca/police/press/2020/11nov/2020_11_05.stm
2020-11-04,https://winnipeg.ca/police/press/2020/11nov/2020_11_04.stm
2020-12-30,https://winnipeg.ca/police/press/2020/12dec/2020_12_30.stm
2020-12-29,https://winnipeg.ca/police/press/2020/12dec/2020_12_29.stm
2020-12-28,https://winnipeg.ca/police/press/2020/12dec/2020_12_28.stm
2020-12-25,https://winnipeg.ca/police/press/2020/12dec/2020_12_25.stm
2020-12-23,https://winnipeg.ca/police/press/2020/12dec/2020_12_23.stm
2020-12-22,https://winnipeg.ca/police/press/2020/12dec/2020_12_22.stm
2020-12-21,https://winnipeg.ca/police/press/2020/12dec/2020_12_21.stm
2020-12-18,https://winnipeg.ca/police/press/2020/12dec/2020_12_18.stm
2020-12-16,https://winnipeg.ca/police/press/2020/12dec/2020_12_16.stm
2020-12-15,https://winnipeg.ca/police/press/2020/12dec/2020_12_15.stm
2020-12-14,https://winnipeg.ca/police/press/2020/12dec/2020_12_14.stm
2020-12-13,https://winnipeg.ca/police/press/2020/12dec/2020_12_13.stm
2020-12-12,https://winnipeg.ca/police/press/2020/12dec/2020_12_12.stm
2020-12-11,https://winnipeg.ca/police/press/2020/12dec/2020_12_11.stm
2020-12-09,https://winnipeg.ca/police/press/2020/12dec/2020_12_09.stm
2020-12-04,https://winnipeg.ca/police/press/2020/12dec/2020_12_04.stm
2020-12-01,https://winnipeg.ca/police/press/2020/12dec/2020_12_01.stm
2019-01-30,https://winnipeg.ca/police/press/2019/01jan/2019_01_30.aspx
2019-01-29,https://winnipeg.ca/police/press/2019/01jan/2019_01_29.aspx
2019-01-24,https://winnipeg.ca/police/press/2019/01jan/2019_01_24.aspx
2019-01-23,https://winnipeg.ca/police/press/2019/01jan/2019_01_23.aspx
2019-01-22,https://winnipeg.ca/police/press/2019/01jan/2019_01_22.aspx
2019-01-21,https://winnipeg.ca/police/press/2019/01jan/2019_01_21.aspx
2019-01-18,https://winnipeg.ca/police/press/2019/01jan/2019_01_18.aspx
2019-01-16,https://winnipeg.ca/police/press/2019/01jan/2019_01_16.aspx
2019-01-15,https://winnipeg.ca/police/press/2019/01jan/2019_01_15.aspx
2019-01-14,https://winnipeg.ca/police/press/2019/01jan/2019_01_14.aspx
2019-01-12,https://winnipeg.ca/police/press/2019/01jan/2019_01_12.aspx
2019-01-11,https://winnipeg.ca/police/press/2019/01jan/2019_01_11.aspx
2019-01-10,https://winnipeg.ca/police/press/2019/01jan/2019_01_10.aspx
2019-01-08,https://winnipeg.ca/police/press/2019/01jan/2019_01_08.aspx
2019-01-06,https://winnipeg.ca/police/press/2019/01jan/2019_01_06.aspx
2019-01-05,https://winnipeg.ca/police/press/2019/01jan/2019_01_05.aspx
2019-01-04,https://winnipeg.ca/police/press/2019/01jan/2019_01_04.aspx
2019-01-03,https://winnipeg.ca/police/press/2019/01jan/2019_01_03.aspx
2019-01-02,https://winnipeg.ca/police/press/2019/01jan/2019_01_02.aspx
,https://winnipeg.ca/police/press/current.stm
2019-02-28,https://winnipeg.ca/police/press/2019/02feb/2019_02_28.aspx
2019-02-27,https://winnipeg.ca/police/press/2019/02feb/2019_02_27.aspx
2019-02-26,https://winnipeg.ca/police/press/2019/02feb/2019_02_26.aspx
2019-02-22,https://winnipeg.ca/police/press/2019/02feb/2019_02_22.aspx
2019-02-15,https://winnipeg.ca/police/press/2019/02feb/2019_02_15.aspx
2019-02-14,https://winnipeg.ca/police/press/2019/02feb/2019_02_14.aspx
2019-02-13,https://winnipeg.ca/police/press/2019/02feb/2019_02_13.aspx
2019-02-12,https://winnipeg.ca/police/press/2019/02feb/2019_02_12.aspx
2019-02-11,https://winnipeg.ca/police/press/2019/02feb/2019_02_11.aspx
2019-02-08,https://winnipeg.ca/police/press/2019/02feb/2019_02_08.aspx
2019-02-06,https://winnipeg.ca/police/press/2019/02feb/2019_02_06.aspx
2019-02-03,https://winnipeg.ca/police/press/2019/02feb/2019_02_03.aspx
2019-02-02,https://winnipeg.ca/police/press/2019/02feb/2019_02_02.aspx
,https://winnipeg.ca/police/press/current.stm
2019-03-29,https://winnipeg.ca/police/press/2019/03mar/2019_03_29.aspx
2019-03-27,https://winnipeg.ca/police/press/2019/03mar/2019_03_27.aspx
2019-03-26,https://winnipeg.ca/police/press/2019/03mar/2019_03_26.aspx
2019-03-22,https://winnipeg.ca/police/press/2019/03mar/2019_03_22.aspx
2019-03-21,https://winnipeg.ca/police/press/2019/03mar/2019_03_21.aspx
2019-03-20,https://winnipeg.ca/police/press/2019/03mar/2019_03_20.aspx
2019-03-19,https://winnipeg.ca/police/press/2019/03mar/2019_03_19.aspx
2019-03-18,https://winnipeg.ca/police/press/2019/03mar/2019_03_18.aspx
2019-03-17,https://winnipeg.ca/police/press/2019/03mar/2019_03_17.aspx
2019-03-16,https://winnipeg.ca/police/press/2019/03mar/2019_03_16.aspx
2019-03-15,https://winnipeg.ca/police/press/2019/03mar/2019_03_15.aspx
2019-03-14,https://winnipeg.ca/police/press/2019/03mar/2019_03_14.aspx
2019-03-13,https://winnipeg.ca/police/press/2019/03mar/2019_03_13.aspx
2019-03-12,https://winnipeg.ca/police/press/2019/03mar/2019_03_12.aspx
2019-03-11,https://winnipeg.ca/police/press/2019/03mar/2019_03_11.aspx
2019-03-08,https://winnipeg.ca/police/press/2019/03mar/2019_03_08.aspx
2019-03-06,https://winnipeg.ca/police/press/2019/03mar/2019_03_06.aspx
2019-03-04,https://winnipeg.ca/police/press/2019/03mar/2019_03_04.aspx
2019-03-01,https://winnipeg.ca/police/press/2019/03mar/2019_03_01.aspx
,https://winnipeg.ca/police/press/current.stm
2019-04-30,https://winnipeg.ca/police/press/2019/04apr/2019_04_30.aspx
2019-04-29,https://winnipeg.ca/police/press/2019/04apr/2019_04_29.aspx
2019-04-28,https://winnipeg.ca/police/press/2019/04apr/2019_04_28.aspx
2019-04-27,https://winnipeg.ca/police/press/2019/04apr/2019_04_27.aspx
2019-04-26,https://winnipeg.ca/police/press/2019/04apr/2019_04_26.aspx
2019-04-25,https://winnipeg.ca/police/press/2019/04apr/2019_04_25.aspx
2019-04-24,https://winnipeg.ca/police/press/2019/04apr/2019_04_24.aspx
2019-04-23,https://winnipeg.ca/police/press/2019/04apr/2019_04_23.aspx
2019-04-19,https://winnipeg.ca/police/press/2019/04apr/2019_04_19.aspx
2019-04-18,https://winnipeg.ca/police/press/2019/04apr/2019_04_18.aspx
2019-04-17,https://winnipeg.ca/police/press/2019/04apr/2019_04_17.aspx
2019-04-16,https://winnipeg.ca/police/press/2019/04apr/2019_04_16.aspx
2019-04-15,https://winnipeg.ca/police/press/2019/04apr/2019_04_15.aspx
2019-04-12,https://winnipeg.ca/police/press/2019/04apr/2019_04_12.aspx
2019-04-10,https://winnipeg.ca/police/press/2019/04apr/2019_04_10.aspx
2019-04-08,https://winnipeg.ca/police/press/2019/04apr/2019_04_08.aspx
2019-04-05,https://winnipeg.ca/police/press/2019/04apr/2019_04_05.aspx
2019-04-03,https://winnipeg.ca/police/press/2019/04apr/2019_04_03.aspx
2019-04-02,https://winnipeg.ca/police/press/2019/04apr/2019_04_02.aspx
2019-04-01,https://winnipeg.ca/police/press/2019/04apr/2019_04_01.aspx
,https://winnipeg.ca/police/press/current.stm
2019-05-31,https://winnipeg.ca/police/press/2019/05May/2019_05_31.aspx
2019-05-30,https://winnipeg.ca/police/press/2019/05May/2019_05_30.aspx
2019-05-29,https://winnipeg.ca/police/press/2019/05May/2019_05_29.aspx
2019-05-28,https://winnipeg.ca/police/press/2019/05May/2019_05_28.aspx
2019-05-27,https://winnipeg.ca/police/press/2019/05May/2019_05_27.aspx
2019-05-26,https://winnipeg.ca/police/press/2019/05May/2019_05_26.aspx
2019-05-25,https://winnipeg.ca/police/press/2019/05May/2019_05_25.aspx
2019-05-24,https://winnipeg.ca/police/press/2019/05May/2019_05_24.aspx
2019-05-23,https://winnipeg.ca/police/press/2019/05May/2019_05_23.aspx
2019-05-22,https://winnipeg.ca/police/press/2019/05May/2019_05_22.aspx
2019-05-21,https://winnipeg.ca/police/press/2019/05May/2019_05_21.aspx
2019-05-17,https://winnipeg.ca/police/press/2019/05May/2019_05_17.aspx
2019-05-16,https://winnipeg.ca/police/press/2019/05May/2019_05_16.aspx
2019-05-15,https://winnipeg.ca/police/press/2019/05May/2019_05_15.aspx
2019-05-14,https://winnipeg.ca/police/press/2019/05May/2019_05_14.aspx
2019-05-13,https://winnipeg.ca/police/press/2019/05May/2019_05_13.aspx
2019-05-11,https://winnipeg.ca/police/press/2019/05May/2019_05_11.aspx
2019-05-10,https://winnipeg.ca/police/press/2019/05May/2019_05_10.aspx
2019-05-09,https://winnipeg.ca/police/press/2019/05May/2019_05_09.aspx
2019-05-07,https://winnipeg.ca/police/press/2019/05May/2019_05_07.aspx
2019-05-06,https://winnipeg.ca/police/press/2019/05May/2019_05_06.aspx
2019-05-05,https://winnipeg.ca/police/press/2019/05May/2019_05_05.aspx
2019-05-04,https://winnipeg.ca/police/press/2019/05May/2019_05_04.aspx
2019-05-03,https://winnipeg.ca/police/press/2019/05May/2019_05_03.aspx
2019-05-02,https://winnipeg.ca/police/press/2019/05May/2019_05_02.aspx
,https://winnipeg.ca/police/press/current.stm
2019-06-28,https://winnipeg.ca/police/press/2019/06Jun/2019_06_28.aspx
2019-06-27,https://winnipeg.ca/police/press/2019/06Jun/2019_06_27.aspx
2019-06-25,https://winnipeg.ca/police/press/2019/06Jun/2019_06_25.aspx
2019-06-24,https://winnipeg.ca/police/press/2019/06Jun/2019_06_24.aspx
2019-06-23,https://winnipeg.ca/police/press/2019/06Jun/2019_06_23.aspx
2019-06-21,https://winnipeg.ca/police/press/2019/06Jun/2019_06_21.aspx
2019-06-20,https://winnipeg.ca/police/press/2019/06Jun/2019_06_20.aspx
2019-06-19,https://winnipeg.ca/police/press/2019/06Jun/2019_06_19.aspx
2019-06-18,https://winnipeg.ca/police/press/2019/06Jun/2019_06_18.aspx
2019-06-17,https://winnipeg.ca/police/press/2019/06Jun/2019_06_17.aspx
2019-06-15,https://winnipeg.ca/police/press/2019/06Jun/2019_06_15.aspx
2019-06-12,https://winnipeg.ca/police/press/2019/06Jun/2019_06_12.aspx
2019-06-08,https://winnipeg.ca/police/press/2019/06Jun/2019_06_08.aspx
2019-06-08,https://winnipeg.ca/police/press/2019/06Jun/2019_06_08.aspx
2019-06-07,https://winnipeg.ca/police/press/2019/06Jun/2019_06_07.aspx
2019-06-06,https://winnipeg.ca/police/press/2019/06Jun/2019_06_06.aspx
2019-06-05,https://winnipeg.ca/police/press/2019/06Jun/2019_06_05.aspx
2019-06-04,https://winnipeg.ca/police/press/2019/06Jun/2019_06_04.aspx
2019-06-03,https://winnipeg.ca/police/press/2019/06Jun/2019_06_03.aspx
2019-06-02,https://winnipeg.ca/police/press/2019/06Jun/2019_06_02.aspx
2019-06-01,https://winnipeg.ca/police/press/2019/06Jun/2019_06_01.aspx
,https://winnipeg.ca/police/press/current.stm
2019-07-31,https://winnipeg.ca/police/press/2019/07jul/2019_07_31.aspx
2019-07-30,https://winnipeg.ca/police/press/2019/07jul/2019_07_30.aspx
2019-07-29,https://winnipeg.ca/police/press/2019/07jul/2019_07_29.aspx
2019-07-27,https://winnipeg.ca/police/press/2019/07jul/2019_07_27.aspx
2019-07-26,https://winnipeg.ca/police/press/2019/07jul/2019_07_26.aspx
2019-07-24,https://winnipeg.ca/police/press/2019/07jul/2019_07_24.aspx
2019-07-22,https://winnipeg.ca/police/press/2019/07jul/2019_07_22.aspx
2019-07-21,https://winnipeg.ca/police/press/2019/07jul/2019_07_21.aspx
2019-07-20,https://winnipeg.ca/police/press/2019/07jul/2019_07_20.aspx
2019-07-19,https://winnipeg.ca/police/press/2019/07jul/2019_07_19.aspx
2019-07-18,https://winnipeg.ca/police/press/2019/07jul/2019_07_18.aspx
2019-07-17,https://winnipeg.ca/police/press/2019/07jul/2019_07_17.aspx
2019-07-16,https://winnipeg.ca/police/press/2019/07jul/2019_07_16.aspx
2019-07-15,https://winnipeg.ca/police/press/2019/07jul/2019_07_15.aspx
2019-07-12,https://winnipeg.ca/police/press/2019/07jul/2019_07_12.aspx
2019-07-11,https://winnipeg.ca/police/press/2019/07jul/2019_07_11.aspx
2019-07-09,https://winnipeg.ca/police/press/2019/07jul/2019_07_09.aspx
2019-07-08,https://winnipeg.ca/police/press/2019/07jul/2019_07_08.aspx
2019-07-05,https://winnipeg.ca/police/press/2019/07jul/2019_07_05.aspx
2019-07-04,https://winnipeg.ca/police/press/2019/07jul/2019_07_04.aspx
2019-07-03,https://winnipeg.ca/police/press/2019/07jul/2019_07_03.aspx
2019-07-02,https://winnipeg.ca/police/press/2019/07jul/2019_07_02.aspx
,https://winnipeg.ca/police/press/current.stm
2019-08-30,https://winnipeg.ca/police/press/2019/08Aug/2019_08_30.aspx
2019-08-29,https://winnipeg.ca/police/press/2019/08Aug/2019_08_29.aspx
2019-08-28,https://winnipeg.ca/police/press/2019/08Aug/2019_08_28.aspx
2019-08-27,https://winnipeg.ca/police/press/2019/08Aug/2019_08_27.aspx
2019-08-26,https://winnipeg.ca/police/press/2019/08Aug/2019_08_26.aspx
2019-08-25,https://winnipeg.ca/police/press/2019/08Aug/2019_08_25.aspx
2019-08-23,https://winnipeg.ca/police/press/2019/08Aug/2019_08_23.aspx
2019-08-22,https://winnipeg.ca/police/press/2019/08Aug/2019_08_22.aspx
2019-08-21,https://winnipeg.ca/police/press/2019/08Aug/2019_08_21.aspx
2019-08-20,https://winnipeg.ca/police/press/2019/08Aug/2019_08_20.aspx
2019-08-17,https://winnipeg.ca/police/press/2019/08Aug/2019_08_17.aspx
2019-08-16,https://winnipeg.ca/police/press/2019/08Aug/2019_08_16.aspx
2019-08-15,https://winnipeg.ca/police/press/2019/08Aug/2019_08_15.aspx
2019-08-14,https://winnipeg.ca/police/press/2019/08Aug/2019_08_14.aspx
2019-08-12,https://winnipeg.ca/police/press/2019/08Aug/2019_08_12.aspx
2019-08-07,https://winnipeg.ca/police/press/2019/08Aug/2019_08_07.aspx
2019-08-06,https://winnipeg.ca/police/press/2019/08Aug/2019_08_06.aspx
2019-08-04,https://winnipeg.ca/police/press/2019/08Aug/2019_08_04.aspx
2019-08-03,https://winnipeg.ca/police/press/2019/08Aug/2019_08_03.aspx
2019-08-01,https://winnipeg.ca/police/press/2019/08Aug/2019_08_01.aspx
,https://winnipeg.ca/police/press/current.stm
2019-09-30,https://winnipeg.ca/police/press/2019/09Sep/2019_09_30.aspx
2019-09-28,https://winnipeg.ca/police/press/2019/09Sep/2019_09_28.aspx
2019-09-27,https://winnipeg.ca/police/press/2019/09Sep/2019_09_27.aspx
2019-09-25,https://winnipeg.ca/police/press/2019/09Sep/2019_09_25.aspx
2019-09-24,https://winnipeg.ca/police/press/2019/09Sep/2019_09_24.aspx
2019-09-23,https://winnipeg.ca/police/press/2019/09Sep/2019_09_23.aspx
2019-09-22,https://winnipeg.ca/police/press/2019/09Sep/2019_09_22.aspx
2019-09-21,https://winnipeg.ca/police/press/2019/09Sep/2019_09_21.aspx
2019-09-19,https://winnipeg.ca/police/press/2019/09Sep/2019_09_19.aspx
2019-09-17,https://winnipeg.ca/police/press/2019/09Sep/2019_09_17.aspx
2019-09-14,https://winnipeg.ca/police/press/2019/09Sep/2019_09_14.aspx
2019-09-13,https://winnipeg.ca/police/press/2019/09Sep/2019_09_13.aspx
2019-09-12,https://winnipeg.ca/police/press/2019/09Sep/2019_09_12.aspx
2019-09-11,https://winnipeg.ca/police/press/2019/09Sep/2019_09_11.aspx
2019-09-10,https://winnipeg.ca/police/press/2019/09Sep/2019_09_10.aspx
2019-09-09,https://winnipeg.ca/police/press/2019/09Sep/2019_09_09.aspx
2019-09-06,https://winnipeg.ca/police/press/2019/09Sep/2019_09_06.aspx
2019-09-05,https://winnipeg.ca/police/press/2019/09Sep/2019_09_05.aspx
2019-09-04,https://winnipeg.ca/police/press/2019/09Sep/2019_09_04.aspx
2019-09-03,https://winnipeg.ca/police/press/2019/09Sep/2019_09_03.aspx
2019-09-02,https://winnipeg.ca/police/press/2019/09Sep/2019_09_02.aspx
,https://winnipeg.ca/police/press/current.stm
2019-10-31,https://winnipeg.ca/police/press/2019/10oct/2019_10_31.aspx
2019-10-30,https://winnipeg.ca/police/press/2019/10oct/2019_10_30.aspx
2019-10-29,https://winnipeg.ca/police/press/2019/10oct/2019_10_29.aspx
2019-10-28,https://winnipeg.ca/police/press/2019/10oct/2019_10_28.aspx
2019-10-27,https://winnipeg.ca/police/press/2019/10oct/2019_10_27.aspx
2019-10-25,https://winnipeg.ca/police/press/2019/10oct/2019_10_25.aspx
2019-10-24,https://winnipeg.ca/police/press/2019/10oct/2019_10_24.aspx
2019-10-23,https://winnipeg.ca/police/press/2019/10oct/2019_10_23.aspx
2019-10-22,https://winnipeg.ca/police/press/2019/10oct/2019_10_22.aspx
2019-10-21,https://winnipeg.ca/police/press/2019/10oct/2019_10_21.aspx
2019-10-20,https://winnipeg.ca/police/press/2019/10oct/2019_10_20.aspx
2019-10-19,https://winnipeg.ca/police/press/2019/10oct/2019_10_19.aspx
2019-10-18,https://winnipeg.ca/police/press/2019/10oct/2019_10_18.aspx
2019-10-17,https://winnipeg.ca/police/press/2019/10oct/2019_10_17.aspx
2019-10-16,https://winnipeg.ca/police/press/2019/10oct/2019_10_16.aspx
2019-10-15,https://winnipeg.ca/police/press/2019/10oct/2019_10_15.aspx
2019-10-10,https://winnipeg.ca/police/press/2019/10oct/2019_10_10.aspx
2019-10-09,https://winnipeg.ca/police/press/2019/10oct/2019_10_09.aspx
2019-10-08,https://winnipeg.ca/police/press/2019/10oct/2019_10_08.aspx
2019-10-07,https://winnipeg.ca/police/press/2019/10oct/2019_10_07.aspx
2019-10-04,https://winnipeg.ca/police/press/2019/10oct/2019_10_04.aspx
2019-10-03,https://winnipeg.ca/police/press/2019/10oct/2019_10_03.aspx
2019-10-02,https://winnipeg.ca/police/press/2019/10oct/2019_10_02.aspx
2019-10-01,https://winnipeg.ca/police/press/2019/10oct/2019_10_01.aspx
,https://winnipeg.ca/police/press/current.stm
2019-11-30,https://winnipeg.ca/police/press/2019/11nov/2019_11_30.aspx
2019-11-28,https://winnipeg.ca/police/press/2019/11nov/2019_11_28.aspx
2019-11-27,https://winnipeg.ca/police/press/2019/11nov/2019_11_27.aspx
2019-11-26,https://winnipeg.ca/police/press/2019/11nov/2019_11_26.aspx
2019-11-25,https://winnipeg.ca/police/press/2019/11nov/2019_11_25.aspx
2019-11-23,https://winnipeg.ca/police/press/2019/11nov/2019_11_23.aspx
2019-11-22,https://winnipeg.ca/police/press/2019/11nov/2019_11_22.aspx
2019-11-21,https://winnipeg.ca/police/press/2019/11nov/2019_11_21.aspx
2019-11-18,https://winnipeg.ca/police/press/2019/11nov/2019_11_18.aspx
2019-11-17,https://winnipeg.ca/police/press/2019/11nov/2019_11_17.aspx
2019-11-16,https://winnipeg.ca/police/press/2019/11nov/2019_11_16.aspx
2019-11-15,https://winnipeg.ca/police/press/2019/11nov/2019_11_15.aspx
2019-11-13,https://winnipeg.ca/police/press/2019/11nov/2019_11_13.aspx
2019-11-12,https://winnipeg.ca/police/press/2019/11nov/2019_11_12.aspx
2019-11-08,https://winnipeg.ca/police/press/2019/11nov/2019_11_08.aspx
2019-11-07,https://winnipeg.ca/police/press/2019/11nov/2019_11_07.aspx
2019-11-06,https://winnipeg.ca/police/press/2019/11nov/2019_11_06.aspx
2019-11-05,https://winnipeg.ca/police/press/2019/11nov/2019_11_05.aspx
2019-11-04,https://winnipeg.ca/police/press/2019/11nov/2019_11_04.aspx
2019-11-03,https://winnipeg.ca/police/press/2019/11nov/2019_11_03.aspx
2019-11-02,https://winnipeg.ca/police/press/2019/11nov/2019_11_02.aspx
2019-11-01,https://winnipeg.ca/police/press/2019/11nov/2019_11_01.aspx
,https://winnipeg.ca/police/press/current.stm
2019-12-30,https://winnipeg.ca/police/press/2019/12dec/2019_12_30.aspx
2019-12-29,https://winnipeg.ca/police/press/2019/12dec/2019_12_29.aspx
2019-12-27,https://winnipeg.ca/police/press/2019/12dec/2019_12_27.aspx
2019-12-25,https://winnipeg.ca/police/press/2019/12dec/2019_12_25.aspx
2019-12-24,https://winnipeg.ca/police/press/2019/12dec/2019_12_24.aspx
2019-12-23,https://winnipeg.ca/police/press/2019/12dec/2019_12_23.aspx
2019-12-22,https://winnipeg.ca/police/press/2019/12dec/2019_12_22.aspx
2019-12-21,https://winnipeg.ca/police/press/2019/12dec/2019_12_21.aspx
2019-12-20,https://winnipeg.ca/police/press/2019/12dec/2019_12_20.aspx
2019-12-19,https://winnipeg.ca/police/press/2019/12dec/2019_12_19.aspx
2019-12-18,https://winnipeg.ca/police/press/2019/12dec/2019_12_18.aspx
2019-12-17,https://winnipeg.ca/police/press/2019/12dec/2019_12_17.aspx
2019-12-16,https://winnipeg.ca/police/press/2019/12dec/2019_12_16.aspx
2019-12-15,https://winnipeg.ca/police/press/2019/12dec/2019_12_15.aspx
2019-12-14,https://winnipeg.ca/police/press/2019/12dec/2019_12_14.aspx
2019-12-13,https://winnipeg.ca/police/press/2019/12dec/2019_12_13.aspx
2019-12-12,https://winnipeg.ca/police/press/2019/12dec/2019_12_12.aspx
2019-12-11,https://winnipeg.ca/police/press/2019/12dec/2019_12_11.aspx
2019-12-10,https://winnipeg.ca/police/press/2019/12dec/2019_12_10.aspx
2019-12-09,https://winnipeg.ca/police/press/2019/12dec/2019_12_09.aspx
2019-12-05,https://winnipeg.ca/police/press/2019/12dec/2019_12_05.aspx
2019-12-03,https://winnipeg.ca/police/press/2019/12dec/2019_12_03.aspx
2019-12-02,https://winnipeg.ca/police/press/2019/12dec/2019_12_02.aspx
,https://winnipeg.ca/police/press/current.stm
2018-09-30,https://winnipeg.ca/police/press/2018/09sep/2018_09_30.aspx
2018-09-29,https://winnipeg.ca/police/press/2018/09sep/2018_09_29.aspx
2018-09-28,https://winnipeg.ca/police/press/2018/09sep/2018_09_28.aspx
2018-09-27,https://winnipeg.ca/police/press/2018/09sep/2018_09_27.aspx
2018-09-26,https://winnipeg.ca/police/press/2018/09sep/2018_09_26.aspx
2018-09-25,https://winnipeg.ca/police/press/2018/09sep/2018_09_25.aspx
2018-09-24,https://winnipeg.ca/police/press/2018/09sep/2018_09_24.aspx
2018-09-21,https://winnipeg.ca/police/press/2018/09sep/2018_09_21.aspx
2018-09-19,https://winnipeg.ca/police/press/2018/09sep/2018_09_19.aspx
2018-09-18,https://winnipeg.ca/police/press/2018/09sep/2018_09_18.aspx
2018-09-14,https://winnipeg.ca/police/press/2018/09sep/2018_09_14.aspx
2018-09-13,https://winnipeg.ca/police/press/2018/09sep/2018_09_13.aspx
2018-09-12,https://winnipeg.ca/police/press/2018/09sep/2018_09_12.aspx
2018-09-11,https://winnipeg.ca/police/press/2018/09sep/2018_09_11.aspx
2018-09-10,https://winnipeg.ca/police/press/2018/09sep/2018_09_10.aspx
2018-09-09,https://winnipeg.ca/police/press/2018/09sep/2018_09_09.aspx
2018-09-08,https://winnipeg.ca/police/press/2018/09sep/2018_09_08.aspx
2018-09-07,https://winnipeg.ca/police/press/2018/09sep/2018_09_07.aspx
2018-09-06,https://winnipeg.ca/police/press/2018/09sep/2018_09_06.aspx
2018-09-05,https://winnipeg.ca/police/press/2018/09sep/2018_09_05.aspx
2018-09-03,https://winnipeg.ca/police/press/2018/09sep/2018_09_03.aspx
2018-09-02,https://winnipeg.ca/police/press/2018/09sep/2018_09_02.aspx
2018-09-01,https://winnipeg.ca/police/press/2018/09sep/2018_09_01.aspx
,https://winnipeg.ca/police/press/current.stm
2018-10-31,https://winnipeg.ca/police/press/2018/10oct/2018_10_31.aspx
2018-10-30,https://winnipeg.ca/police/press/2018/10oct/2018_10_30.aspx
2018-10-29,https://winnipeg.ca/police/press/2018/10oct/2018_10_29.aspx
2018-10-28,https://winnipeg.ca/police/press/2018/10oct/2018_10_28.aspx
2018-10-26,https://winnipeg.ca/police/press/2018/10oct/2018_10_26.aspx
2018-10-25,https://winnipeg.ca/police/press/2018/10oct/2018_10_25.aspx
2018-10-24,https://winnipeg.ca/police/press/2018/10oct/2018_10_24.aspx
2018-10-23,https://winnipeg.ca/police/press/2018/10oct/2018_10_23.aspx
2018-10-21,https://winnipeg.ca/police/press/2018/10oct/2018_10_21.aspx
2018-10-19,https://winnipeg.ca/police/press/2018/10oct/2018_10_19.aspx
2018-10-18,https://winnipeg.ca/police/press/2018/10oct/2018_10_18.aspx
2018-10-17,https://winnipeg.ca/police/press/2018/10oct/2018_10_17.aspx
2018-10-16,https://winnipeg.ca/police/press/2018/10oct/2018_10_16.aspx
2018-10-15,https://winnipeg.ca/police/press/2018/10oct/2018_10_15.aspx
2018-10-11,https://winnipeg.ca/police/press/2018/10oct/2018_10_11.aspx
2018-10-10,https://winnipeg.ca/police/press/2018/10oct/2018_10_10.aspx
2018-10-09,https://winnipeg.ca/police/press/2018/10oct/2018_10_09.aspx
2018-10-08,https://winnipeg.ca/police/press/2018/10oct/2018_10_08.aspx
2018-10-07,https://winnipeg.ca/police/press/2018/10oct/2018_10_07.aspx
2018-10-05,https://winnipeg.ca/police/press/2018/10oct/2018_10_05.aspx
2018-10-04,https://winnipeg.ca/police/press/2018/10oct/2018_10_04.aspx
2018-10-03,https://winnipeg.ca/police/press/2018/10oct/2018_10_03.aspx
2018-10-02,https://winnipeg.ca/police/press/2018/10oct/2018_10_02.aspx
2018-10-01,https://winnipeg.ca/police/press/2018/10oct/2018_10_01.aspx
,https://winnipeg.ca/police/press/current.stm
2018-11-30,https://winnipeg.ca/police/press/2018/11nov/2018_11_30.aspx
2018-11-29,https://winnipeg.ca/police/press/2018/11nov/2018_11_29.aspx
2018-11-28,https://winnipeg.ca/police/press/2018/11nov/2018_11_28.aspx
2018-11-27,https://winnipeg.ca/police/press/2018/11nov/2018_11_27.aspx
2018-11-26,https://winnipeg.ca/police/press/2018/11nov/2018_11_26.aspx
2018-11-25,https://winnipeg.ca/police/press/2018/11nov/2018_11_25.aspx
2018-11-24,https://winnipeg.ca/police/press/2018/11nov/2018_11_24.aspx
2018-11-23,https://winnipeg.ca/police/press/2018/11nov/2018_11_23.aspx
2018-11-22,https://winnipeg.ca/police/press/2018/11nov/2018_11_22.aspx
2018-11-21,https://winnipeg.ca/police/press/2018/11nov/2018_11_21.aspx
2018-11-20,https://winnipeg.ca/police/press/2018/11nov/2018_11_20.aspx
2018-11-19,https://winnipeg.ca/police/press/2018/11nov/2018_11_19.aspx
2018-11-18,https://winnipeg.ca/police/press/2018/11nov/2018_11_18.aspx
2018-11-17,https://winnipeg.ca/police/press/2018/11nov/2018_11_17.aspx
2018-11-16,https://winnipeg.ca/police/press/2018/11nov/2018_11_16.aspx
2018-11-15,https://winnipeg.ca/police/press/2018/11nov/2018_11_15.aspx
2018-11-14,https://winnipeg.ca/police/press/2018/11nov/2018_11_14.aspx
2018-11-13,https://winnipeg.ca/police/press/2018/11nov/2018_11_13.aspx
2018-11-12,https://winnipeg.ca/police/press/2018/11nov/2018_11_12.aspx
2018-11-11,https://winnipeg.ca/police/press/2018/11nov/2018_11_11.aspx
2018-11-10,https://winnipeg.ca/police/press/2018/11nov/2018_11_10.aspx
2018-11-09,https://winnipeg.ca/police/press/2018/11nov/2018_11_09.aspx
2018-11-08,https://winnipeg.ca/police/press/2018/11nov/2018_11_08.aspx
2018-11-07,https://winnipeg.ca/police/press/2018/11nov/2018_11_07.aspx
2018-11-06,https://winnipeg.ca/police/press/2018/11nov/2018_11_06.aspx
2018-11-05,https://winnipeg.ca/police/press/2018/11nov/2018_11_05.aspx
2018-11-04,https://winnipeg.ca/police/press/2018/11nov/2018_11_04.aspx
2018-11-03,https://winnipeg.ca/police/press/2018/11nov/2018_11_03.aspx
2018-11-02,https://winnipeg.ca/police/press/2018/11nov/2018_11_02.aspx
2018-11-01,https://winnipeg.ca/police/press/2018/11nov/2018_11_01.aspx
,https://winnipeg.ca/police/press/current.stm
2018-12-27,https://winnipeg.ca/police/press/2018/12dec/2018_12_27.aspx
2018-12-26,https://winnipeg.ca/police/press/2018/12dec/2018_12_26.aspx
2018-12-25,https://winnipeg.ca/police/press/2018/12dec/2018_12_25.aspx
2018-12-24,https://winnipeg.ca/police/press/2018/12dec/2018_12_24.aspx
2018-12-23,https://winnipeg.ca/police/press/2018/12dec/2018_12_23.aspx
2018-12-21,https://winnipeg.ca/police/press/2018/12dec/2018_12_21.aspx
2018-12-20,https://winnipeg.ca/police/press/2018/12dec/2018_12_20.aspx
2018-12-19,https://winnipeg.ca/police/press/2018/12dec/2018_12_19.aspx
2018-12-18,https://winnipeg.ca/police/press/2018/12dec/2018_12_18.aspx
2018-12-17,https://winnipeg.ca/police/press/2018/12dec/2018_12_17.aspx
2018-12-16,https://winnipeg.ca/police/press/2018/12dec/2018_12_16.aspx
2018-12-14,https://winnipeg.ca/police/press/2018/12dec/2018_12_14.aspx
2018-12-13,https://winnipeg.ca/police/press/2018/12dec/2018_12_13.aspx
2018-12-12,https://winnipeg.ca/police/press/2018/12dec/2018_12_12.aspx
2018-12-11,https://winnipeg.ca/police/press/2018/12dec/2018_12_11.aspx
2018-12-10,https://winnipeg.ca/police/press/2018/12dec/2018_12_10.aspx
2018-12-09,https://winnipeg.ca/police/press/2018/12dec/2018_12_09.aspx
2018-12-08,https://winnipeg.ca/police/press/2018/12dec/2018_12_08.aspx
2018-12-07,https://winnipeg.ca/police/press/2018/12dec/2018_12_07.aspx
2018-12-06,https://winnipeg.ca/police/press/2018/12dec/2018_12_06.aspx
2018-12-04,https://winnipeg.ca/police/press/2018/12dec/2018_12_04.aspx